,number,name,Гибриды,Наполненность.рядка..балл,Бурая.ржавчина...,Колошено,Желтая.ржавчина...,Выход.в.трубку..апрель,Высота.растений..см,Урожайность.зерна..г.,Оценка.зерна,section
10749,1,10959,556,8,0,14.5,100,13,85,139,7,7
10757,2,10960,567,9,0,15,70,13,95,266,8,7
10770,3,10961,578,9,0,10,70,12,100,252,8,7
10780,4,10962,589,9,0,16,90,13,100,149,7,7
10782,5,10963,599,9,0,15,90,12,100,207,8,7
10790,6,10964,610,9,0,13,90,13,85,123,5,7
10795,7,10965,621,9,0,12.5,100,13,80,120,5,7
10804,8,10966,625,8,0,14,100,15,85,106,7,7
10805,9,10967,626,9,0,11,90,15,90,180,8,7
10819,10,10968,557,9,0,10,100,14,80,138,7,7
10823,11,10969,558,9,0,10,90,14,90,194,7,7
10828,12,10970,559,9,0,13.5,90,14,100,138,6,7
10831,13,10971,560,8,0,14,90,14,100,111,6,7
10832,14,10972,561,9,0,14,70,14,80,189,9,7
10835,15,10973,562,9,0,15,50,14,95,216,6,7
10847,16,10974,563,9,0,14,90,13,110,237,8,7
10854,17,10976,564,9,0,14,70,14,85,166,8,7
10857,18,10977,565,9,0,14,90,14,85,178,8,7
10965,19,10978,566,9,0,13,90,14,95,222,7,7
10966,20,10979,568,9,0,14,90,13,100,236,8,7
10967,21,10980,569,9,0,14,90,13,90,256,8,7
10968,22,10981,570,9,0,11,90,13,95,160,8,7
10969,23,10982,571,8,0,11,100,14,95,111,7,7
10970,24,10983,572,9,0,13,90,14,95,180,8,7
10971,25,10984,573,9,0,9,100,12,85,150,6,7
10972,26,10985,574,9,0,14,100,12,95,220,7,7
10973,27,10986,575,8,0,13,90,13,100,152,8,7
10974,28,10987,576,8,0,14,100,14,80,140,5,7
10976,29,10988,577,9,0,10,100,13,80,152,5,7
10977,30,10989,579,9,0,14,90,13,85,107,6,7
10978,31,10990,580,9,0,14,100,13,85,73,2,7
10979,32,10991,581,9,0,14,100,13,105,130,8,7
10980,33,10992,582,9,0,14,40,14,100,193,6,7
10981,34,10993,583,9,0,15,40,14,100,234,8,7
10982,35,10994,584,9,0,15,50,13,105,211,8,7
10983,36,10995,585,9,0,12,50,13,80,332,8,7
10984,37,10996,586,9,0,13,100,14,90,106,5,7
10985,38,10997,587,9,0,11,90,14,90,154,8,7
10986,39,10998,588,9,0,14,90,14,85,293,5,7
10987,40,10999,590,9,0,10,90,5,85,257,7,7
10988,41,11002,591,9,0,10,90,6,95,210,5,7
10989,42,11003,592,9,0,10,70,13,85,168,5,7
10990,43,11004,593,9,0,13,90,4,105,211,8,7
10991,44,11005,594,8,0,14,100,13,90,128,7,7
10992,45,11006,595,9,0,16,100,13,105,215,7,7
10993,46,11007,596,9,0,10,100,12,90,130,5,7
10994,47,11008,597,9,0,15,50,12,90,174,5,7
10995,48,11009,598,9,0,12,70,13,100,276,6,7
10996,49,11010,600,8,0,12,90,12,80,154,3,7
10997,50,11011,601,8,0,14,100,7,100,122,7,7
10998,51,11012,602,9,0,13,100,13,100,120,6,7
10999,52,11013,603,9,0,14,90,12,105,168,8,7
11002,53,11014,604,9,0,16,100,12,95,194,6,7
11003,54,11015,605,9,0,10,90,12,90,212,7,7
11004,55,11016,606,9,0,17,100,13,85,152,3,7
11005,56,11017,607,9,0,14,90,12,90,209,8,7
11006,57,11018,608,9,0,14,90,12,100,160,8,7
11007,58,11019,609,9,0,13,90,7,110,158,7,7
11008,59,11020,611,8,0,13,100,13,105,144,8,7
11009,60,11021,612,9,0,14,100,13,100,172,4,7
11010,61,11022,613,9,0,13,10,5,90,271,6,7
11011,62,11023,614,8,0,14,100,12,90,99,7,7
11012,63,11024,615,9,0,11.5,80,7,95,207,8,7
11013,64,11026,616,9,0,12,90,12,100,179,7,7
11014,65,11027,617,9,0,10,90,5,100,216,6,7
11015,66,11028,618,9,0,15,90,13,100,153,7,7
11016,67,11029,619,9,0,14,90,12,80,125,5,7
11017,68,11030,620,9,0,16,70,13,80,158,4,7
11018,69,11031,622,9,0,10,90,6,90,199,6,7
11019,70,11032,623,8,0,16,90,12,95,156,7,7
11020,71,11033,624,8,0,15,100,13,100,136,5,7
11021,72,11902,627,8,0,10,100,6,95,99,4,5
11022,73,11903,638,9,0,10,90,11,75,60,2,5
11023,74,11904,649,9,0,9,70,5,95,175,7,5
11024,75,11905,660,9,0,14,70,7,90,230,8,5
11025,76,11906,669,9,0,10,90,11,85,201,8,5
11026,77,11907,680,9,0,10,90,10,80,124,6,5
11027,78,11908,691,7,0,14,100,10,80,108,5,5
11028,79,11909,695,8,0,14,90,11,75,54,6,5
11029,80,11910,696,9,0,10,90,12,75,110,5,5
11030,81,11911,628,9,0,10,90,12,95,184,7,5
11031,82,11912,629,9,0,13,90,7,90,132,7,5
11032,83,11913,630,9,0,10,20,13,80,238,7,5
11033,84,11914,631,9,0,10,90,12,85,168,6,5
11902,85,11915,632,8,0,13,90,11,80,130,5,5
11903,86,11916,633,9,0,10,100,6,90,214,6,5
11904,87,11917,634,9,0,14,70,13,90,86,7,5
11905,88,11918,635,9,0,14,70,12,90,225,8,5
11906,89,11919,636,9,0,13,70,12,90,208,8,5
11907,90,11920,637,9,0,14,90,13,85,158,7,5
11908,91,11921,639,9,0,11.5,70,12,80,140,6,5
11909,92,11922,640,9,0,13,90,11,80,120,8,5
11910,93,11923,641,9,0,11,90,11,85,74,5,5
11911,94,11924,642,9,0,10,90,NA,100,218,7,5
11912,95,11926,643,9,0,10,90,7,85,154,4,5
11913,96,11927,644,9,0,14,70,6,85,170,7,5
11914,97,11928,645,9,0,10,100,5,95,135,5,5
11915,98,11929,646,9,0,10,90,7,95,257,6,5
11916,99,11930,647,9,0,10,90,6,90,144,5,5
11917,100,11931,648,9,0,9,100,6,90,173,5,5
11918,101,11932,650,9,0,10,100,6,95,163,3,5
11919,102,11933,651,9,0,10,100,6,85,86,3,5
11920,103,11934,652,9,0,10,100,11,85,103,4,5
11921,104,11935,653,8,0,14,90,11,90,112,5,5
11922,105,11936,654,9,0,13,100,7,90,104,5,5
11923,106,11937,655,9,0,10,90,12,100,246,8,5
11924,107,11938,656,9,0,12,90,11,100,155,7,5
11926,108,11939,657,9,0,13,70,5,85,162,8,5
11927,109,11940,658,9,0,14,70,12,90,169,7,5
11928,110,11941,659,9,0,13,50,6,100,217,8,5
11929,111,11942,661,8,0,14,100,6,95,172,7,5
11930,112,11943,662,8,0,9,100,5,95,172,6,5
11931,113,11944,663,8,0,10,90,12,95,189,6,5
11932,114,11945,664,9,0,10,100,12,85,104,5,5
11933,115,11946,665,9,0,13,100,11,95,183,6,5
11934,116,11947,666,9,0,10,100,11,95,134,6,5
11935,117,11948,667,9,0,10,90,11,95,250,5,5
11936,118,11949,668,9,0,10,70,11,90,262,6,5
11937,119,11952,670,8,0,10,90,11,85,174,5,5
11938,120,11953,671,8,0,10,90,11,85,124,5,5
11939,121,11954,672,9,0,14,90,11,85,206,6,5
11940,122,11955,673,9,0,11,100,6,75,70,3,5
11943,123,11956,674,9,0,12,100,11,90,124,5,5
11944,124,11957,675,9,0,10,70,7,100,114,6,5
11945,125,11958,676,8,0,13,90,7,85,130,6,5
11946,126,11959,677,9,0,10,90,11,95,160,5,5
11947,127,11960,678,9,0,10,100,6,100,130,6,5
11948,128,11961,679,9,0,10,90,11,95,148,5,5
11949,129,11962,681,9,0,10,90,11,90,166,5,5
11952,130,11963,682,9,0,14,100,12,95,77,5,5
11953,131,11964,683,8,0,11,90,11,95,144,6,5
11954,132,11965,684,8,0,13,90,11,80,104,5,5
11955,133,11966,685,8,0,10,90,6,100,178,6,5
11956,134,11967,686,9,0,11,100,6,95,174,6,5
11957,135,11968,687,9,0,12,90,11,95,186,7,5
11958,136,11969,688,9,0,10,100,11,95,119,5,5
11959,137,11970,689,9,0,10,100,11,90,113,5,5
11960,138,11971,690,8,0,14,90,11,95,210,8,5
11961,139,11972,692,9,0,10,70,6,100,246,7,5
11962,140,11973,693,8,0,14,80,11,95,194,7,5
11963,141,11974,694,9,0,14,30,11,100,268,8,5
11964,142,12165,697,9,5,16,10,11,95,247,8,1
11965,143,12166,708,9,10,15,0,12,90,209,5,1
11966,144,12167,719,9,0,16,10,13,120,273,6,1
11967,145,12168,730,9,50,12,10,12,100,192,6,1
11968,146,12169,741,8,60,15,0,12,85,226,5,1
11969,147,12170,752,9,0,15.5,0,7,85,303,7,1
11970,148,12171,763,9,60,10,0,12,82.5,249,6,1
11971,149,12172,765,9,0,15,0,12,92.5,227,6,1
11972,150,12173,766,9,0,14,0,12,90,207,5,1
11973,151,12174,698,9,0,14,90,11,90,269,6,1
11974,152,12176,699,9,0,15,10,12,95,348,8,1
12102,153,12177,700,9,0,10,0,12,85,208,7,1
12103,154,12178,701,9,0,13,0,12,100,287,8,1
12104,155,12179,702,9,0,10,90,6,100,223,7,1
12105,156,12180,703,8,20,14,20,14,67.5,185,5,1
12106,157,12181,704,9,10,12,0,14,55,121,5,1
12107,158,12182,705,9,0,14,30,14,90,287,6,1
12108,159,12183,706,9,20,10,10,7,95,234,7,1
12109,160,12184,707,8,0,16,0,12,92.5,262,5,1
12110,161,12185,709,9,0,13,0,12,90,324,8,1
12111,162,12186,710,9,10,13.5,20,12,85,268,6,1
12112,163,12187,711,9,0,16,0,12,70,167,3,1
12113,164,12188,712,9,0,15,0,12,95,279,5,1
12114,165,12189,713,7,0,13,10,13,87.5,127,8,1
12115,166,12190,714,8,0,14,20,12,97.5,264,5,1
12117,167,12191,715,9,30,14,40,13,90,267,6,1
12118,168,12192,716,9,40,10,10,16,95,285,6,1
12119,169,12193,717,9,5,14,0,16,60,135,2,1
12120,170,12194,718,9,0,13,30,14,75,191,3,1
12121,171,12195,720,9,0,14,0,14,87.5,320,7,1
12122,172,12196,721,9,0,16,0,13,90,266,7,1
12123,173,12197,722,8,10,14,0,6,125,264,6,1
12124,174,12198,723,9,0,15,0,12,85,244,5,1
12126,175,12199,724,9,10,15,0,12,100,281,6,1
12127,176,12202,725,9,10,15,0,13,105,205,7,1
12128,177,12203,726,9,30,15,0,13,90,253,5,1
12129,178,12204,727,9,20,15,10,13,80,234,5,1
12130,179,12205,728,9,40,13,0,7,110,298,6,1
12131,180,12206,729,9,10,16,10,13,90,209,7,1
12132,181,12207,731,9,5,17,0,16,90,225,5,1
12133,182,12208,732,9,5,17,50,16,75,230,3,1
12134,183,12209,733,9,50,16,0,11,90,251,3,1
12135,184,12210,734,8,0,17,40,13,110,248,7,1
12136,185,12211,735,9,0,12,0,12,92.5,325,7,1
12137,186,12212,736,9,30,14,20,14,90,203,7,1
12138,187,12213,737,9,0,14,40,13,110,297,5,1
12139,188,12214,738,9,10,15,0,13,95,330,7,1
12140,189,12215,739,8,0,14,20,13,97.5,252,7,1
12141,190,12216,740,9,30,14,20,12,95,279,7,1
12142,191,12217,742,9,0,15,0,13,85,292,8,1
12143,192,12218,743,9,0,14,0,13,85,192,8,1
12144,193,12219,744,9,0,15,0,13,100,257,7,1
12145,194,12220,745,7,0,16,20,13,95,213,8,1
12146,195,12221,746,8,0,15,40,12,105,232,5,1
12147,196,12222,747,9,0,16,90,13,85,234,7,1
12148,197,12223,748,9,0,14,0,13,85,238,6,1
12149,198,12224,749,9,0,15,0,14,90,318,8,1
12152,199,12226,750,7,5,16,50,12,80,171,7,1
12153,200,12227,751,7,0,15.5,30,12,105,238,5,1
12154,201,12228,753,9,0,15,0,13,105,321,6,1
12155,202,12229,754,9,0,16,0,13,80,242,5,1
12156,203,12230,755,9,0,10,0,13,95,292,5,1
12157,204,12231,756,9,5,16,20,13,95,197,7,1
12158,205,12232,757,9,10,10,30,6,105,269,7,1
12159,206,12233,758,9,5,10,0,13,80,284,6,1
12160,207,12234,759,9,10,14,0,14,100,226,6,1
12161,208,12235,760,9,20,14,10,13,115,343,5,1
12162,209,12236,761,8,70,15,20,13,85,156,5,1
12163,210,12237,762,9,5,15,10,13,85,265,3,1
12164,211,12238,764,9,0,14,10,13,90,325,5,1
12165,212,12373,837,8,0,10,50,14,75,16,5,6
12166,213,12374,848,9,0,10,30,14,80,294,6,6
12167,214,12376,859,9,5,12,0,13,105,230,5,6
12168,215,12377,870,9,0,15,30,14,75,258,8,6
12169,216,12378,881,9,0,10,30,14,85,268,7,6
12170,217,12379,892,9,0,10,20,14,85,245,6,6
12171,218,12380,903,8,0,9,70,6,80,209,6,6
12172,219,12381,914,9,0,10,10,14,85,272,7,6
12173,220,12382,918,8,0,10,50,14,80,196,6,6
12174,221,12383,838,8,0,10,20,14,80,137,6,6
12176,222,12384,839,9,0,16,30,14,80,252,7,6
12177,223,12385,840,9,0,10,40,14,80,287,7,6
12178,224,12386,841,9,0,15,50,14,90,178,5,6
12179,225,12387,842,8,0,11.5,20,14,95,264,6,6
12180,226,12388,843,9,0,13,20,14,80,234,7,6
12181,227,12389,844,9,0,14,20,14,75,206,8,6
12182,228,12390,845,9,0,15,90,14,85,176,7,6
12183,229,12391,846,9,0,10,90,14,75,210,7,6
12184,230,12392,847,9,0,16,100,15,65,162,7,6
12185,231,12393,849,9,0,10,10,14,75,268,5,6
12186,232,12394,850,9,0,10,90,13,80,206,7,6
12187,233,12395,851,8,0,13,90,14,80,177,5,6
12188,234,12396,852,9,0,13,100,14,80,160,4,6
12189,235,12397,853,8,0,14,100,14,80,84,3,6
12190,236,12398,854,9,0,16,10,13,80,280,6,6
12191,237,12399,855,9,0,10,90,6,90,257,5,6
12192,238,12402,856,8,0,12,70,14,80,196,5,6
12193,239,12403,857,9,0,15,50,13,85,178,5,6
12194,240,12404,858,9,30,10,40,14,85,263,7,6
12195,241,12405,860,9,0,10,70,6,80,246,6,6
12196,242,12406,861,9,0,13,50,13,105,183,7,6
12197,243,12407,862,9,0,9,70,15,105,273,5,6
12198,244,12408,863,8,0,14,10,13,85,166,6,6
12199,245,12409,864,9,0,10,50,13,75,171,5,6
12202,246,12410,865,9,0,10,100,7,100,199,2,6
12203,247,12411,866,9,0,9,70,6,100,245,4,6
12204,248,12412,867,9,0,13,70,14,80,202,7,6
12205,249,12413,868,9,0,12,50,14,75,212,7,6
12206,250,12414,869,9,0,12,30,13,85,275,5,6
12207,251,12415,871,9,0,11,50,11,105,274,6,6
12208,252,12416,872,8,0,11,70,12,100,170,5,6
12209,253,12417,873,8,0,10,70,12,95,148,5,6
12210,254,12418,874,9,0,10,30,12,90,309,8,6
12211,255,12419,875,9,0,13,30,13,85,256,8,6
12212,256,12420,876,9,0,14,90,14,75,127,5,6
12213,257,12421,877,8,0,10,100,14,75,128,4,6
12214,258,12422,878,9,0,13,50,13,90,255,5,6
12215,259,12423,879,8,0,13,0,12,100,245,6,6
12216,260,12424,880,9,0,10,30,6,110,294,8,6
12217,261,12426,882,8,0,15,100,12,85,205,7,6
12218,262,12427,883,9,0,10,10,12,120,285,7,6
12219,263,12428,884,8,0,10,30,11,110,259,6,6
12220,264,12429,885,8,0,14,90,11,82.5,160,6,6
12221,265,12430,886,9,0,16,50,12,85,162,2,6
12222,266,12431,887,9,0,10,20,14,100,300,6,6
12223,267,12432,888,9,0,10,40,11,100,182,6,6
12224,268,12433,889,8,0,10,50,12,90,204,5,6
12226,269,12434,890,9,0,9,50,13,85,268,6,6
12227,270,12435,891,9,0,13,70,12,80,214,6,6
12228,271,12436,893,9,0,15,100,14,90,192,5,6
12229,272,12437,894,8,0,10,100,13,80,116,2,6
12230,273,12438,895,9,0,10,90,14,70,148,1,6
12231,274,12439,896,9,0,10,90,14,75,168,3,6
12232,275,12440,897,9,0,14,70,14,95,209,6,6
12233,276,12441,898,9,0,14,90,14,105,238,6,6
12234,277,12442,899,9,0,14,10,11,100,236,5,6
12235,278,12443,900,9,0,10,70,12,85,255,3,6
12236,279,12444,901,8,50,13,50,12,77.5,188,4,6
12237,280,12445,902,9,0,12,70,10,95,222,5,6
12238,281,12446,904,9,0,10,40,12,100,335,6,6
12373,282,12447,905,9,0,10,70,12,85,255,6,6
12374,283,12448,906,9,0,13,90,12,85,230,7,6
12376,284,12449,907,9,0,10,90,7,75,240,5,6
12377,285,12452,908,NA,50,10,70,12,95,238,5,6
12378,286,12453,909,NA,0,10,70,6,100,202,5,6
12379,287,12454,910,NA,0,11,70,6,80,214,6,6
12380,288,12455,911,NA,30,15,40,13,75,212,5,6
12381,289,12456,912,NA,0,10,70,6,80,257,7,6
12382,290,12457,913,NA,0,15,100,13,75,77,5,6
12383,291,12458,915,NA,0,15,70,12,80,236,6,6
12384,292,12459,916,NA,0,15,40,12,65,181,2,6
12385,293,12460,917,NA,10,15,40,12,65,181,2,6
12386,294,12516,767,NA,0,15,0,14,85,198,7,4
12387,295,12517,778,NA,0,16,0,14,85,246,8,4
12388,296,12518,789,NA,0,14,70,13,90,236,7,4
12389,297,12519,800,NA,0,14,0,11,105,305,6,4
12390,298,12520,811,NA,0,13,50,14,75,190,8,4
12391,299,12521,822,NA,0,13,20,14,75,210,2,4
12392,300,12522,833,NA,0,12,30,11,100,370,7,4
12393,301,12523,835,NA,0,15,100,14,65,92,3,4
12394,302,12524,836,NA,0,10,40,13,87.5,206,7,4
12395,303,12526,768,NA,0,15,40,12,85,189,5,4
12396,304,12527,769,NA,0,14,70,14,105,211,7,4
12397,305,12528,770,NA,0,14,50,13,100,251,7,4
12398,306,12529,771,NA,0,15,10,13,100,303,7,4
12399,307,12530,772,NA,0,10,0,12,80,247,8,4
12402,308,12531,773,NA,0,10,0,12,95,234,6,4
12403,309,12532,774,NA,0,10,35,13,70,252,6,4
12405,310,12533,775,NA,0,12,70,7,105,283,5,4
12406,311,12534,776,NA,0,12,70,7,105,282,6,4
12407,312,12535,777,NA,0,15,10,13,95,250,6,4
12408,313,12536,779,NA,0,13,90,13,105,220,NA,4
12409,314,12537,780,NA,0,14.5,20,14,95,246,4,4
12410,315,12538,781,NA,0,14,30,15,95,241,4,4
12411,316,12539,782,NA,0,14,70,14,75,236,7,4
12412,317,12540,783,NA,0,12,70,9,105,293,6,4
12413,318,12541,784,NA,0,13,60,13,85,203,7,4
12414,319,12542,785,NA,0,15,5,14,100,322,6,4
12415,320,12543,786,NA,0,14.5,20,12,100,366,7,4
12416,321,12544,787,NA,0,15,5,12,100,288,7,4
12417,322,12545,788,NA,20,14,70,14,90,248,6,4
12418,323,12546,790,NA,30,15,40,15,70,158,2,4
12419,324,12547,791,NA,0,16,60,14,102.5,235,7,4
12420,325,12548,792,NA,0,16,50,15,85,158,7,4
12421,326,12549,793,NA,0,12,70,15,80,142,5,4
12422,327,12552,794,NA,0,13,70,14,95,211,7,4
12423,328,12553,795,NA,0,14,50,13,100,281,7,4
12424,329,12554,796,NA,0,11.5,50,5,100,307,8,4
12426,330,12555,797,NA,0,14,70,14,80,161,6,4
12427,331,12556,798,NA,0,13,70,11,95,288,6,4
12428,332,12557,799,NA,0,12,60,11,110,257,7,4
12429,333,12558,801,NA,0,14,0,10,110,263,8,4
12430,334,12559,802,NA,0,15,50,11,100,285,7,4
12431,335,12560,803,NA,0,15,60,12,90,265,7,4
12432,336,12561,804,NA,0,16,50,15,90,170,8,4
12433,337,12562,805,NA,0,12,10,11,105,268,7,4
12434,338,12563,806,NA,0,13,0,10,95,336,6,4
12435,339,12564,807,NA,0,14,90,13,70,157,2,4
12436,340,12565,808,NA,0,14,90,13,80,172,3,4
12437,341,12566,809,NA,0,10,50,12,75,276,7,4
12438,342,12567,810,NA,0,14,80,12,85,231,7,4
12439,343,12568,812,NA,10,15,0,13,75,184,3,4
12440,344,12569,813,NA,0,15,0,12,95,326,5,4
12441,345,12570,814,NA,0,15,90,14,85,189,7,4
12442,346,12571,815,NA,0,15,90,13,85,278,7,4
12443,347,12572,816,NA,10,13,10,11,105,301,6,4
12444,348,12573,817,NA,0,10,0,10,100,286,7,4
12445,349,12574,818,NA,0,15,10,11,90,325,5,4
12446,350,12576,819,NA,0,13,50,11,70,180,5,4
12447,351,12577,820,NA,0,16,90,13,80,195,5,4
12448,352,12578,821,NA,0,14,50,14,85,280,7,4
12449,353,12579,823,NA,0,14,90,12,95,190,5,4
12452,354,12580,824,NA,0,15,0,12,95,252,6,4
12453,355,12581,825,NA,0,13,70,12,90,177,3,4
12454,356,12582,826,NA,0,15,0,4,100,290,5,4
12455,357,12583,827,NA,0,15,70,10,110,263,8,4
12456,358,12584,828,NA,0,13,20,10,115,220,7,4
12457,359,12585,829,NA,0,16,0,10,80,170,7,4
12458,360,12586,830,NA,0,10,100,14,105,185,5,4
12459,361,12587,831,NA,0,14,0,9,120,320,6,4
12460,362,12588,832,NA,0,14,50,12,85,190,5,4
12516,363,12589,834,NA,0,14,20,13,85,250,6,4
12517,364,13208,61,NA,NA,10,40,9,95,259,7,11
12518,365,13209,72,NA,NA,10,70,12,80,137,NA,11
12519,366,13210,83,NA,NA,15,90,13,85,196,6,11
12520,367,13211,94,NA,NA,13,90,14,90,160,7,11
12521,368,13212,105,NA,NA,12,70,10,95,234,8,11
12522,369,13213,116,NA,NA,15,40,11,100,237,8,11
12523,370,13214,127,NA,NA,12,50,12,75,173,6,11
12524,371,13215,129,NA,NA,14,70,11,95,201,7,11
12526,372,13216,130,NA,NA,12,40,8,95,260,8,11
12527,373,13217,62,NA,NA,10,40,8,90,280,8,11
12528,374,13218,63,NA,NA,13,70,11,90,210,8,11
12529,375,13219,64,NA,NA,10,30,11,80,345,8,11
12530,376,13220,65,NA,NA,10,70,11,95,175,7,11
12531,377,13221,66,NA,NA,10,100,12,95,116,5,11
12532,378,13222,67,NA,NA,13,70,13,75,225,7,11
12533,379,13223,68,NA,NA,14,90,14,85,190,8,11
12534,380,13224,69,NA,NA,10,40,9,95,215,8,11
12535,381,13226,70,NA,NA,13,70,11,80,195,8,11
12536,382,13227,71,NA,NA,10,100,12,90,120,7,11
12537,383,13228,73,NA,NA,10,100,13,85,120,7,11
12538,384,13229,74,NA,NA,10,100,12,80,145,5,11
12539,385,13230,75,NA,NA,10,40,11,90,265,8,11
12540,386,13231,76,NA,NA,12,50,11,90,240,7,11
12541,387,13232,77,NA,NA,10,50,12,90,250,6,11
12542,388,13233,78,NA,NA,13,10,12,85,268,7,11
12543,389,13234,79,NA,NA,11.5,70,11,85,225,6,11
12544,390,13235,80,NA,NA,10,70,7,100,256,7,11
12545,391,13236,81,NA,NA,13,70,10,105,155,7,11
12546,392,13237,82,NA,NA,12,70,10,100,280,8,11
12547,393,13238,84,NA,NA,10,50,11,95,250,6,11
12548,394,13239,85,NA,NA,14,50,11,90,270,6,11
12549,395,13240,86,NA,NA,12,70,11,95,360,6,11
12552,396,13241,87,NA,NA,14,50,11,100,215,8,11
12553,397,13242,88,NA,NA,13,90,11,100,260,6,11
12554,398,13243,89,NA,NA,13,50,11,100,240,8,11
12555,399,13244,90,NA,NA,10,70,7,105,NA,NA,11
12556,400,13245,91,NA,NA,12,30,11,110,301,8,11
12557,401,13246,92,NA,NA,10,30,10,85,245,7,11
12558,402,13247,93,NA,NA,10,70,10,95,235,8,11
12559,403,13248,95,NA,NA,10,70,10,90,220,6,11
12560,404,13249,96,NA,NA,14,90,10,90,260,8,11
12561,405,13252,97,NA,NA,11,30,11,85,330,7,11
12562,406,13253,98,NA,NA,12,30,11,85,245,8,11
12563,407,13254,99,NA,NA,10,70,10,105,210,6,11
12564,408,13255,100,NA,NA,12,50,10,95,280,8,11
12565,409,13256,101,NA,NA,10,90,7,95,270,7,11
12566,410,13257,102,NA,NA,10,90,10,100,263,8,11
12567,411,13258,103,NA,NA,10,100,9,95,277,7,11
12568,412,13259,104,NA,NA,10,100,10,80,175,6,11
12569,413,13260,106,NA,NA,14,50,10,90,288,6,11
12570,414,13261,107,NA,NA,13,90,10,95,250,5,11
12571,415,13262,108,NA,NA,13,50,10,85,267,8,11
12572,416,13263,109,NA,NA,14,70,13,85,226,7,11
12573,417,13264,110,NA,NA,10,70,10,100,275,8,11
12574,418,13265,111,NA,NA,13,90,11,95,220,7,11
12576,419,13266,112,NA,NA,13,90,12,85,207,8,11
12577,420,13267,113,NA,NA,11,20,11,100,208,7,11
12578,421,13268,114,NA,NA,13,70,9,100,300,6,11
12579,422,13269,115,NA,NA,12,90,12,80,100,7,11
12580,423,13270,117,NA,NA,12,90,12,85,180,8,11
12581,424,13271,118,NA,NA,10,70,6,85,250,8,11
12582,425,13272,119,NA,NA,10,50,10,95,197,7,11
12583,426,13273,120,NA,NA,13,100,12,80,140,8,11
12584,427,13274,121,NA,NA,12,70,12,90,258,8,11
12585,428,13276,122,NA,NA,15,40,12,100,160,8,11
12586,429,13277,123,NA,NA,10,30,10,100,228,6,11
12587,430,13278,124,NA,NA,10,30,10,95,207,6,11
12588,431,13279,125,NA,NA,10,50,9,90,220,7,11
12589,432,13280,126,NA,NA,12,40,12,100,209,8,11
13208,433,13281,128,NA,NA,10,50,11,80,223,8,11
13209,434,13391,131,NA,NA,12,5,12,92.5,197,7,8
13210,435,13392,142,NA,NA,9,0,4,110,313,6,8
13211,436,13393,153,NA,NA,15,0,12,87.5,143,6,8
13212,437,13394,164,NA,NA,10,30,10,120,NA,NA,8
13213,438,13395,175,NA,NA,15,5,12,90,280,7,8
13214,439,13396,186,NA,NA,15,50,11,90,224,6,8
13215,440,13397,197,NA,NA,9,30,6,75,222,7,8
13216,441,13398,201,NA,NA,13,70,11,85,274,8,8
13217,442,13399,202,NA,NA,14,0,12,80,185,4,8
13218,443,13402,132,NA,0,12,40,10,85,205,4,8
13219,444,13403,133,NA,0,16,10,12,80,148,3,8
13220,445,13404,134,NA,0,10,10,11,100,278,8,8
13221,446,13405,135,NA,10,16,10,14,70,177,4,8
13222,447,13406,136,NA,0,12,90,14,85,134,4,8
13223,448,13407,137,NA,10,15,20,12,105,288,8,8
13224,449,13408,138,NA,0,14,100,14,80,99,6,8
13226,450,13409,139,NA,0,16,70,14,80,208,5,8
13227,451,13410,140,NA,30,14,40,14,75,162,7,8
13228,452,13411,141,NA,0,15,40,14,80,165,3,8
13229,453,13412,143,NA,30,10,10,6,115,304,8,8
13230,454,13413,144,NA,30,15,0,14,85,182,5,8
13231,455,13414,145,NA,10,12,0,11,90,316,6,8
13232,456,13415,146,NA,0,14,70,13,80,167,5,8
13233,457,13416,147,NA,10,10,10,14,80,202,6,8
13234,458,13417,148,NA,10,13,0,13,90,247,8,8
13235,459,13418,149,NA,50,10,0,12,90,214,2,8
13236,460,13419,150,NA,0,14,0,12,110,219,8,8
13237,461,13420,151,NA,0,12,50,12,100,218,5,8
13238,462,13421,152,NA,0,10,20,11,95,247,8,8
13239,463,13422,154,NA,0,16,70,14,85,165,6,8
13240,464,13423,155,NA,0,15,0,14,85,195,5,8
13241,465,13424,156,NA,0,15,0,14,95,230,6,8
13242,466,13426,157,NA,0,10,10,14,90,250,8,8
13243,467,13427,158,NA,0,16,0,15,75,198,7,8
13244,468,13428,159,NA,0,NA,5,15,80,196,6,8
13245,469,13429,160,NA,0,15,0,15,75,143,5,8
13246,470,13430,161,NA,0,15,30,14,85,292,4,8
13247,471,13431,162,NA,0,10,90,14,80,139,5,8
13248,472,13432,163,NA,0,15,50,14,90,221,5,8
13249,473,13433,165,NA,0,10,90,13,80,96,5,8
13252,474,13434,166,NA,0,13,70,14,70,235,7,8
13253,475,13435,167,NA,0,16,50,15,80,165,5,8
13254,476,13436,168,NA,0,16,10,14,85,210,6,8
13255,477,13437,169,NA,0,15,0,14,75,165,5,8
13256,478,13438,170,NA,0,15,0,14,65,114,5,8
13257,479,13439,171,NA,0,11.5,0,13,100,200,8,8
13258,480,13440,172,NA,0,14,10,14,75,170,7,8
13259,481,13441,173,NA,0,12,10,11,80,299,6,8
13260,482,13442,174,NA,0,16,40,15,70,200,5,8
13261,483,13443,176,NA,0,16,20,14,75,215,6,8
13262,484,13444,177,NA,0,15,0,14,70,117,4,8
13263,485,13445,178,NA,0,10,50,6,82.5,225,6,8
13264,486,13446,179,NA,0,13,10,9,85,210,8,8
13265,487,13447,180,NA,0,13,40,10,80,265,5,8
13266,488,13448,181,NA,5,15,20,14,70,145,5,8
13267,489,13449,182,NA,0,13,5,14,75,245,6,8
13268,490,13452,183,NA,0,16,70,14,75,210,3,8
13269,491,13453,184,NA,30,15,20,14,85,235,5,8
13270,492,13454,185,NA,0,13,50,10,85,230,5,8
8795,493,13455,187,NA,0,14,20,6,80,200,7,8
8803,494,13456,188,NA,0,9,100,5,85,147,2,8
8805,495,13457,189,NA,0,16,90,12,75,155,7,8
8807,496,13458,190,NA,0,14,10,15,75,310,6,8
8810,497,13459,191,NA,0,15,100,12,85,170,5,8
8811,498,13460,192,NA,0,14,90,12,80,205,7,8
8812,499,13461,193,NA,0,10,20,6,90,329,7,8
8813,500,13462,194,NA,0,10,0,9,85,292,7,8
10744,501,13463,195,NA,0,14,70,10,95,304,6,8
10745,502,13464,196,NA,0,10,70,6,95,202,8,8
10746,503,13465,198,NA,0,10,50,12,90,123,3,8
10747,504,13466,199,NA,0,16,40,12,95,218,6,8
10748,505,13467,200,NA,0,16,50,13,80,193,5,8
10752,506,12102,1,NA,9,14.5,50,6,102.5,243,5,3
10753,507,12103,12,NA,9,14,70,6,80,207,3,3
10754,508,12104,23,NA,9,14.5,90,6,80,165,5,3
10755,509,12105,34,NA,8,10,70,7,92.5,266,6,3
10756,510,12106,45,NA,8,16,70,10,55,97,2,3
10758,511,12107,56,NA,9,10,0,5,85,382,7,3
10759,512,12108,58,NA,7,13,0,12,92.5,135,8,3
10760,513,12109,59,NA,8,14,90,12,87.5,204,6,3
10761,514,12110,60,NA,9,15,50,14,90,214,6,3
10762,515,12111,2,NA,9,14.5,70,13,95,215,5,3
10763,516,12112,3,NA,9,15,40,14,87.5,206,7,3
10764,517,12113,4,NA,9,14,50,13,80,194,3,3
10765,518,12114,5,NA,9,10,0,4,85,371,6,3
10766,519,12115,6,NA,9,12,30,14,85,227,7,3
10767,520,12116,7,NA,9,14,40,15,57.5,148,5,3
10768,521,12117,8,NA,9,15,0,15,50,113,4,3
10769,522,12118,9,NA,9,15,80,13,70,108,1,3
10771,523,12119,10,NA,9,14,90,16,77.5,192,5,3
10772,524,12120,11,NA,9,14,70,12,100,323,8,3
10773,525,12121,13,NA,8,15,40,12,100,234,7,3
10774,526,12122,14,NA,9,13,90,11,90,290,NA,3
10776,527,12123,15,NA,9,14.5,70,13,95,221,5,3
10777,528,12124,16,NA,9,14.5,70,13,60,125,2,3
10778,529,12126,17,NA,9,10,10,5,85,240,3,3
10779,530,12127,18,NA,9,15,0,13,50,157,3,3
10781,531,12128,19,NA,9,15,80,13,85,228,5,3
10783,532,12129,20,NA,9,13,90,7,90,298,5,3
10784,533,12130,21,NA,9,13,20,7,85,270,6,3
10785,534,12131,22,NA,9,11,100,13,85,136,4,3
10786,535,12132,24,NA,8,12,90,14,77.5,109,3,3
10787,536,12133,25,NA,9,10,70,6,77.5,251,3,3
10788,537,12134,26,NA,8,14,90,16,70,231,6,3
10789,538,12135,27,NA,9,9,0,6,85,277,5,3
10791,539,12136,28,NA,9,14,0,6,90,266,6,3
10792,540,12137,29,NA,9,13,0,16,77.5,187,3,3
10793,541,12138,30,NA,9,10,100,6,75,155,3,3
10794,542,12139,31,NA,9,13,50,6,85,212,6,3
10796,543,12140,32,NA,9,10,0,13,77.5,178,6,3
10797,544,12141,33,NA,9,11,5,13,85,260,5,3
10798,545,12142,35,NA,9,11,0,12,85,221,6,3
10799,546,12143,36,NA,9,14.5,70,13,82.5,204,5,3
10802,547,12144,37,NA,9,10,50,12,70,220,6,3
10803,548,12145,38,NA,9,15,90,7,75,176,4,3
10806,549,12146,39,NA,8,10,100,7,97.5,124,2,3
10807,550,12147,40,NA,8,10,50,7,72.5,264,5,3
10808,551,12148,41,NA,8,11,70,12,85,188,6,3
10809,552,12149,42,NA,9,12,40,14,85,244,5,3
10810,553,12152,43,NA,7,10,70,13,82.5,174,5,3
10811,554,12153,44,NA,9,10,70,13,85,160,2,3
10812,555,12154,46,NA,9,14,90,13,75,135,4,3
10813,556,12155,47,NA,9,10,10,12,85,316,6,3
10814,557,12156,48,NA,9,11,5,13,85,239,8,3
10815,558,12157,49,NA,9,12,50,14,80,154,7,3
10816,559,12158,50,NA,9,14,50,15,75,136,3,3
10817,560,12159,51,NA,9,10,90,6,95,214,4,3
10818,561,12160,52,NA,8,15,0,9,105,253,8,3
10820,562,12161,53,NA,8,16,90,14,85,111,4,3
10821,563,12162,54,NA,9,13,10,14,82.5,256,6,3
10822,564,12163,55,NA,9,16,50,12,82.5,204,5,3
10824,565,12164,57,NA,9,13,40,13,85,105,6,3
10826,566,13705,261,NA,NA,10,70,4,80,209,5,9
10827,567,13706,272,NA,NA,9,70,4,90,214,6,9
10829,568,13707,283,NA,NA,9,90,5,90,148,2,9
10830,569,13708,294,NA,NA,12,90,NA,85,180,6,9
10833,570,13709,305,NA,NA,10,90,5,105,273,6,9
10834,571,13710,309,NA,NA,8,70,5,90,138,5,9
10836,572,13711,310,NA,NA,9,50,5,90,184,6,9
10837,573,13712,311,NA,NA,9,70,5,85,132,5,9
10838,574,13713,312,NA,NA,9,70,6,85,235,6,9
10839,575,13714,262,NA,NA,8,70,6,85,78,3,9
10840,576,13715,263,NA,NA,10,70,10,80,194,5,9
10841,577,13716,264,NA,NA,10,90,7,80,127,3,9
10842,578,13717,265,NA,NA,6,50,5,75,162,5,9
10843,579,13718,266,NA,NA,9,50,10,85,185,5,9
10844,580,13719,267,NA,NA,10,70,6,85,137,3,9
10845,581,13720,268,NA,NA,10,50,4,90,201,5,9
10846,582,13721,269,NA,NA,9,70,4,85,193,5,9
10848,583,13722,270,NA,NA,9,50,5,80,182,5,9
10849,584,13723,271,NA,NA,9,70,7,75,112,4,9
10852,585,13724,273,NA,NA,8,90,5,90,190,5,9
10853,586,13726,274,NA,NA,9,90,5,80,121,2,9
10855,587,13727,275,NA,NA,9,3,5,75,232,4,9
10856,588,13728,276,NA,NA,10,70,6,95,219,4,9
10858,589,13729,277,NA,NA,8,50,5,85,120,4,9
10859,590,13730,278,NA,NA,9,70,5,90,250,6,9
10860,591,13731,279,NA,NA,9,100,5,90,103,2,9
10861,592,13732,280,NA,NA,10,30,6,100,262,6,9
10862,593,13733,281,NA,NA,9,70,5,85,172,4,9
10863,594,13734,282,NA,NA,9,50,6,85,251,5,9
10959,595,13735,284,NA,NA,12,40,6,85,224,7,9
10960,596,13736,285,NA,NA,9,70,6,90,221,5,9
10961,597,13737,286,NA,NA,9,50,7,90,226,5,9
10962,598,13738,287,NA,NA,9,90,7,90,224,5,9
10963,599,13739,288,NA,NA,12,90,11,75,190,3,9
10964,600,13740,289,NA,NA,9,90,11,90,90,4,9
13271,601,13741,290,NA,NA,9,90,6,90,207,5,9
13272,602,13742,291,NA,NA,9,50,5,100,229,5,9
13273,603,13743,292,NA,NA,8,70,6,75,184,5,9
13274,604,13744,293,NA,NA,8,90,6,80,173,5,9
13276,605,13745,295,NA,NA,9,90,10,100,270,5,9
13277,606,13746,296,NA,NA,10,70,6,95,300,5,9
13278,607,13747,297,NA,NA,8,90,7,80,202,5,9
13279,608,13748,298,NA,NA,9,30,6,80,193,6,9
13280,609,13749,299,NA,NA,9,50,6,95,246,7,9
13281,610,13752,300,NA,NA,10,20,6,95,138,6,9
13391,611,13753,301,NA,NA,8,90,7,105,153,5,9
13392,612,13754,302,NA,NA,9,90,6,90,154,5,9
13393,613,13755,303,NA,NA,9,90,6,95,217,5,9
13394,614,13756,304,NA,NA,8,80,6,95,262,5,9
13395,615,13757,306,NA,NA,8,20,11,70,119,4,9
13396,616,13758,307,NA,NA,15,70,11,85,168,8,9
13397,617,13759,308,NA,NA,10,90,6,80,160,5,9
13398,618,13642,203,NA,NA,8,30,6,87.5,186,6,10
13399,619,13643,214,NA,NA,9,30,6,85,242,6,10
13402,620,13644,225,NA,NA,8,70,5,80,160,5,10
13403,621,13645,236,NA,NA,8,90,6,110,159,5,10
13404,622,13646,247,NA,NA,13,10,7,95,153,8,10
13405,623,13647,257,NA,NA,9,20,9,90,184,6,10
13406,624,13648,258,NA,NA,8,70,4,110,226,6,10
13407,625,13649,259,NA,NA,7,90,6,105,184,5,10
13408,626,13652,260,NA,NA,10,50,10,102.5,133,5,10
13409,627,13653,204,NA,NA,9,60,6,100,181,5,10
13410,628,13654,205,NA,NA,10,40,9,100,86,5,10
13411,629,13655,206,NA,NA,8,70,6,115,169,5,10
13412,630,13656,207,NA,NA,10,70,6,100,190,7,10
13413,631,13657,208,NA,NA,8,90,6,110,178,5,10
13414,632,13658,209,NA,NA,10,70,7,115,186,6,10
13415,633,13659,210,NA,NA,10,90,6,95,288,6,10
13416,634,13660,211,NA,NA,11,90,6,105,184,5,10
13417,635,13661,212,NA,NA,10,90,6,95,133,8,10
13418,636,13662,213,NA,NA,8,90,7,115,97,5,10
13419,637,13663,215,NA,NA,10,90,5,110,188,6,10
13420,638,13664,216,NA,NA,11,100,6,100,224,5,10
13421,639,13665,217,NA,NA,10,10,9,95,149,8,10
13422,640,13666,218,NA,NA,7,90,7,90,178,5,10
13423,641,13667,219,NA,NA,9,90,6,85,78,4,10
13424,642,13668,220,NA,NA,9,100,5,100,150,5,10
13426,643,13669,221,NA,NA,9,70,6,85,163,5,10
13427,644,13670,222,NA,NA,6,70,6,95,220,7,10
13428,645,13671,223,NA,NA,6,90,6,110,140,6,10
13429,646,13672,224,NA,NA,10,70,5,100,183,5,10
13430,647,13673,226,NA,NA,10,90,7,115,153,5,10
13431,648,13674,227,NA,NA,9,90,9,90,181,5,10
13432,649,13676,228,NA,NA,8,100,5,85,145,6,10
13433,650,13677,229,NA,NA,9,100,9,85,136,5,10
13434,651,13678,230,NA,NA,10,100,9,110,207,6,10
13435,652,13679,231,NA,NA,7,40,7,90,154,4,10
13436,653,13680,232,NA,NA,8,40,6,90,188,5,10
13437,654,13681,233,NA,NA,10,100,6,105,148,5,10
13438,655,13682,234,NA,NA,10,90,6,90,155,5,10
13439,656,13683,235,NA,NA,10,90,6,90,258,5,10
13440,657,13684,237,NA,NA,10,100,5,85,165,6,10
13441,658,13685,238,NA,NA,9,70,6,90,214,6,10
13442,659,13686,239,NA,NA,6,100,6,80,130,5,10
13443,660,13687,240,NA,NA,9,70,6,95,164,5,10
13444,661,13688,241,NA,NA,7,90,6,105,134,3,10
13445,662,13689,242,NA,NA,8,50,6,105,178,6,10
13446,663,13690,243,NA,NA,10,70,6,95,137,4,10
13447,664,13691,244,NA,NA,10,100,6,95,117,5,10
13448,665,13692,245,NA,NA,5,90,4,105,148,6,10
13449,666,13693,246,NA,NA,8,100,6,95,115,5,10
13452,667,13694,248,NA,NA,6,90,5,120,144,7,10
13453,668,13695,249,NA,NA,8,100,6,70,72,3,10
13454,669,13696,250,NA,NA,9,90,5,115,205,6,10
13455,670,13697,251,NA,NA,8,100,6,90,92,6,10
13456,671,13698,252,NA,NA,7,100,9,75,67,2,10
13457,672,13699,253,NA,NA,9,100,6,110,152,5,10
13458,673,13702,254,NA,NA,7,70,5,100,189,5,10
13459,674,13703,255,NA,NA,12,70,9,95,72,6,10
13460,675,13704,256,NA,NA,7,100,6,95,156,5,10
13461,676,13815,313,NA,NA,15,30,10,70,148,5,12
13462,677,13816,324,NA,NA,10,50,11,75,151,5,12
13463,678,13817,335,NA,NA,7,70,12,75,196,6,12
13464,679,13818,345,NA,NA,13,90,12,80,142,7,12
13465,680,13819,346,NA,NA,8,100,6,75,75,4,12
13466,681,13820,347,NA,NA,13,70,12,70,156,5,12
13467,682,13821,348,NA,NA,10,70,12,70,162,5,12
13642,683,13822,349,NA,NA,6,40,5,105,194,5,12
13643,684,13823,350,NA,NA,8,100,6,80,169,7,12
13644,685,13824,314,NA,NA,14,90,11,80,199,8,12
13645,686,13826,315,NA,NA,14,90,12,80,210,5,12
13646,687,13827,316,NA,NA,15,60,12,75,170,5,12
13647,688,13828,317,NA,NA,9,90,6,100,156,5,12
13648,689,13829,318,NA,NA,10,70,6,90,191,6,12
13649,690,13830,319,NA,NA,14.5,60,6,85,170,7,12
13652,691,13831,320,NA,NA,15,50,6,80,154,6,12
13653,692,13832,321,NA,NA,8,70,6,70,124,3,12
13654,693,13833,322,NA,NA,13,90,13,70,120,6,12
13655,694,13834,323,NA,NA,15,100,12,60,97,2,12
13656,695,13835,325,NA,NA,14,90,13,70,100,3,12
13657,696,13836,326,NA,NA,7,70,6,85,142,5,12
13658,697,13837,327,NA,NA,12,90,12,95,171,8,12
13659,698,13838,328,NA,NA,8,100,6,65,78,2,12
13660,699,13839,329,NA,NA,16,100,13,70,104,3,12
13661,700,13840,330,NA,NA,7,90,6,70,142,5,12
13662,701,13841,331,NA,NA,10,100,13,80,119,7,12
13663,702,13842,332,NA,NA,14,100,13,75,121,3,12
13664,703,13843,333,NA,NA,8,90,12,70,138,5,12
13665,704,13844,334,NA,NA,8,70,5,90,220,5,12
13666,705,13845,336,NA,NA,10,70,12,75,142,5,12
13667,706,13846,337,NA,NA,9,50,13,80,229,6,12
13668,707,13847,338,NA,NA,10,50,13,95,200,7,12
13669,708,13848,339,NA,NA,10,NA,8,95,NA,NA,12
13670,709,13849,340,NA,NA,11,NA,8,90,NA,NA,12
13671,710,13852,341,NA,NA,11,NA,8,100,NA,NA,12
13672,711,13853,342,NA,NA,11,NA,8,95,NA,NA,12
13673,712,13854,343,NA,NA,14,100,11,85,123,5,12
13674,713,13855,344,NA,NA,12,50,12,75,146,5,12
13676,714,8765,417,9,NA,13,40,9,100,266,8,14
13677,715,8766,468,8,NA,13,30,9,95,259,8,14
13678,716,8767,479,8,NA,13,70,8,100,204,7,14
13679,717,8768,490,9,NA,10,90,10,100,216,8,14
13680,718,8769,501,9,NA,13,80,9,90,236,6,14
13681,719,8770,512,9,NA,10,30,9,90,270,7,14
13682,720,8771,523,9,NA,13,70,8,105,196,3,14
13683,721,8772,534,9,NA,15,40,8,102.5,191,5,14
13684,722,8773,545,9,NA,8,40,9,100,195,5,14
13685,723,8774,418,9,NA,15,90,9,100,59,3,14
13686,724,8776,429,9,NA,9,90,6,110,110,6,14
13687,725,8777,440,9,NA,9,90,6,110,63,6,14
13688,726,8778,451,NA,NA,8,90,10,110,203,5,14
13689,727,8779,462,9,NA,13,30,10,105,252,8,14
13690,728,8780,463,9,NA,8,90,6,110,246,5,14
13691,729,8781,464,9,NA,NA,30,10,107.5,141,4,14
13692,730,8782,465,9,NA,7,90,13,95,167,3,14
13693,731,8783,466,8,NA,NA,30,5,105,162,5,14
13694,732,8784,467,9,NA,7,100,9,95,176,2,14
13695,733,8785,469,8,NA,NA,50,10,130,230,6,14
13696,734,8786,470,9,NA,NA,20,11,97.5,148,5,14
13697,735,8787,471,9,NA,NA,100,11,105,137,4,14
13698,736,8788,472,9,NA,14,20,10,95,186,6,14
13699,737,8789,473,8,NA,10,90,10,110,156,6,14
13702,738,8790,474,9,NA,14,NA,9,90,216,8,14
13703,739,8791,475,9,NA,14,40,11,105,262,7,14
13704,740,8792,476,9,NA,8,70,5,95,221,5,14
13705,741,8793,477,7,NA,14,30,5,110,251,3,14
13706,742,8794,478,9,NA,14.5,20,13,105,249,8,14
13707,743,8795,480,9,NA,13,50,10,85,278,8,14
13708,744,8796,481,9,NA,8,90,11,115,232,7,14
13709,745,8797,482,9,NA,7,90,5,100,163,5,14
13710,746,8798,483,9,NA,9,90,6,95,171,5,14
13711,747,8799,484,9,NA,13,70,7,85,281,8,14
13712,748,8802,485,9,NA,7,100,4,110,151,8,14
13713,749,8803,486,8,NA,15,30,13,95,120,3,14
13714,750,8804,487,9,NA,14,20,13,100,285,4,14
13715,751,8805,488,9,NA,12,70,13,105,214,7,14
13716,752,8806,489,9,NA,14,50,6,95,266,5,14
13717,753,8807,491,7,NA,9,70,14,110,146,7,14
13718,754,8808,492,9,NA,13.5,40,14,85,212,6,14
13719,755,8809,493,9,NA,10,90,10,100,316,8,14
13720,756,8810,494,9,NA,10,50,5,105,272,8,14
13721,757,8811,495,9,NA,15,70,7,115,280,7,14
13722,758,8812,496,9,NA,15,90,14,110,102,8,14
13723,759,8813,497,8,NA,7,90,15,95,280,6,14
13724,760,8814,498,9,NA,16,30,15,90,208,5,14
13726,761,8815,499,9,NA,14,40,11,95,221,8,14
13727,762,8816,500,8,NA,10,70,13,110,250,7,14
13728,763,8817,502,9,NA,14,70,10,90,208,7,14
13729,764,8818,503,9,NA,10,100,9,105,152,4,14
13730,765,8819,504,9,NA,13,50,9,100,286,7,14
13731,766,8820,505,9,NA,10,70,9,85,256,8,14
13732,767,8821,506,9,NA,10,70,4,85,274,9,14
13733,768,8822,507,9,NA,10,100,5,85,129,6,14
13734,769,8823,508,9,NA,8,90,5,95,231,6,14
13735,770,8824,509,7,NA,14,100,6,85,50,5,14
13736,771,8826,510,8,NA,10,100,5,85,78,5,14
13737,772,8827,511,9,NA,9,90,9,100,141,6,14
13738,773,8828,513,9,NA,10,100,6,100,164,6,14
13739,774,8829,514,9,NA,10,40,6,110,292,8,14
13740,775,8830,515,9,NA,10,70,6,110,306,6,14
13741,776,8831,516,8,NA,15,90,12,110,101,6,14
13742,777,8832,517,9,NA,10,90,6,120,94,6,14
13743,778,8833,518,9,NA,10,80,11,80,232,7,14
13744,779,8834,519,9,NA,10,70,6,105,264,8,14
13745,780,8835,520,9,NA,7,100,5,110,177,7,14
13746,781,8836,521,9,NA,13,50,6,105,233,8,14
13747,782,8837,522,9,NA,7,100,5,115,227,7,14
13748,783,8838,524,9,NA,7,100,6,115,183,6,14
13749,784,8839,525,9,NA,12,100,10,115,210,7,14
13752,785,8840,526,9,NA,7,100,4,115,117,3,14
13753,786,8841,527,8,NA,10,70,4,100,246,8,14
13754,787,8842,528,9,NA,16,50,9,100,231,9,14
13755,788,8843,529,9,NA,16,5,9,110,224,8,14
13756,789,8844,530,8,NA,15,100,12,100,113,4,14
13757,790,8845,531,8,NA,11,100,12,95,194,5,14
13758,791,8846,532,9,NA,13,90,14,95,266,8,14
13759,792,8847,533,8,NA,16,100,13,110,148,5,14
13815,793,8848,535,7,NA,13,0,11,95,207,7,14
13816,794,8849,536,9,NA,9,100,5,105,279,5,14
13817,795,8852,537,8,NA,10,70,16,105,254,6,14
13818,796,8853,538,8,NA,15,30,16,85,187,8,14
13819,797,8854,539,8,NA,7.5,100,6,105,166,5,14
13820,798,8855,540,9,NA,7,100,6,90,140,5,14
13821,799,8856,541,9,NA,13,100,6,95,132,3,14
13822,800,8857,542,9,NA,14,100,6,95,209,7,14
13823,801,8858,543,9,NA,8,100,11,105,150,3,14
13824,802,8859,544,8,NA,14,70,11,100,278,8,14
13826,803,8860,546,8,NA,15,70,10,95,207,8,14
13827,804,8861,547,8,NA,15,70,11,95,221,8,14
13828,805,8862,548,9,NA,13,50,11,105,3,7,14
13829,806,8863,549,8,NA,14,70,11,100,152,3,14
13830,807,8864,550,9,NA,15,40,15,95,231,8,14
13831,808,8865,551,9,NA,14,100,15,105,208,6,14
13832,809,8866,552,9,NA,16,5,15,100,202,8,14
13833,810,8867,553,7,NA,8,100,6,110,254,5,14
13834,811,8868,554,9,NA,13,70,6,95,265,7,14
13835,812,8869,555,9,NA,9,100,6,105,174,3,14
13836,813,8870,419,9,NA,14,90,6,90,140,5,14
13837,814,8871,420,8,NA,9,90,11,95,242,5,14
13838,815,8872,421,9,NA,13,70,10,85,146,7,14
13839,816,8873,422,9,NA,10,70,10,90,251,8,14
13840,817,8874,423,9,NA,10,50,11,90,235,6,14
13841,818,8876,424,9,NA,15,10,15,85,231,8,14
13842,819,8877,425,9,NA,14,30,15,90,209,7,14
13843,820,8878,426,9,NA,11,90,15,100,192,6,14
13844,821,8879,427,8,NA,15,90,15,105,12,5,14
13845,822,8880,428,8,NA,13,90,11,105,224,7,14
13846,823,8881,430,9,NA,7,90,7,110,238,5,14
13847,824,8882,431,8,NA,14,30,11,90,148,6,14
13848,825,8883,432,5,NA,13,90,13,100,278,6,14
13849,826,8884,433,9,NA,14,5,10,80,216,6,14
13852,827,8885,434,8,NA,13,50,14,85,226,6,14
13853,828,8886,435,9,NA,14.5,70,13,90,233,6,14
13854,829,8887,436,9,NA,13,70,13,100,279,6,14
13855,830,8888,437,9,NA,13,50,13,90,244,7,14
8765,831,8889,438,9,NA,14,90,13,100,102,6,14
8766,832,8890,439,9,NA,10,100,6,105,206,5,14
8767,833,8891,441,8,NA,10,100,5,110,221,5,14
8768,834,8892,442,9,NA,10,100,9,115,196,6,14
8769,835,8893,443,9,NA,8,100,6,115,244,5,14
8770,836,8894,444,8,NA,15,30,14,85,171,5,14
8771,837,8895,445,9,NA,6,100,5,90,90,2,14
8772,838,8896,446,7,NA,9,50,10,105,218,5,14
8773,839,8897,447,9,NA,13,90,13,90,224,6,14
8774,840,8898,448,8,NA,13.5,90,12,100,226,5,14
8776,841,8899,449,9,NA,13,50,12,90,260,8,14
8777,842,8902,450,9,NA,10,70,11,95,211,5,14
8778,843,8903,452,9,NA,10,90,12,110,146,3,14
8779,844,8904,453,8,NA,13,50,11,95,222,8,14
8780,845,8905,454,8,NA,13,50,10,85,280,7,14
8781,846,8906,455,9,NA,13,70,12,115,208,6,14
8782,847,8907,456,9,NA,9,20,6,120,264,7,14
8783,848,8908,457,9,NA,14,90,12,85,173,8,14
8784,849,8909,458,9,NA,9,50,11,95,207,4,14
8785,850,8910,459,8,NA,13,70,11,90,308,8,14
8786,851,8911,460,8,NA,9,50,11,100,238,5,14
8787,852,8912,461,9,NA,14,70,10,100,281,7,14
8788,853,10744,919,9,0,15,0,13,85,160,4,2
8789,854,10745,930,9,0,15,0,13,90,232,7,2
8790,855,10746,941,9,10,15,0,13,100,218,4,2
8791,856,10747,952,8,0,15,0,15,92.5,160,5,2
8792,857,10748,960,9,5,15,1,13,105,230,6,2
8793,858,10749,961,9,0,15,1,13,100,NA,NA,2
8794,859,10752,962,8,0,NA,0,13,90,262,7,2
8796,860,10753,963,9,0,NA,0,11,110,335,7,2
8798,861,10754,964,8,0,NA,0,12,110,312,6,2
8799,862,10755,920,8,0,NA,0,13,120,269,7,2
8802,863,10756,921,8,20,13,0,14,115,277,5,2
8804,864,10757,922,8,40,NA,0,14,100,152,5,2
8806,865,10758,923,9,0,NA,0,14,100,246,5,2
8808,866,10759,924,8,0,NA,0,14,120,60,6,2
8809,867,10760,925,7,0,NA,25,NA,90,184,6,2
8814,868,10761,926,8,5,NA,0,14,110,168,3,2
8815,869,10762,927,9,0,NA,0,14,95,240,3,2
8816,870,10763,928,9,0,NA,0,13,100,244,8,2
8817,871,10764,929,9,0,NA,0,13,105,388,8,2
8818,872,10765,931,6,0,NA,0,14,100,164,3,2
8819,873,10766,932,7,0,NA,0,14,85,151,3,2
8820,874,10767,933,9,0,NA,0,14,95,268,4,2
8821,875,10768,934,9,15,NA,0,13,90,213,8,2
8822,876,10769,935,8,0,NA,0,NA,80,127,8,2
8823,877,10770,936,9,0,NA,0,13,130,288,7,2
8824,878,10771,937,8,0,NA,0,12,125,373,6,2
8826,879,10772,938,9,0,NA,0,12,110,208,8,2
8827,880,10773,939,9,0,NA,0,13,95,216,6,2
8828,881,10774,940,9,0,NA,0,13,95,264,8,2
8829,882,10776,942,8,0,NA,0,14,90,214,7,2
8830,883,10777,943,8,0,NA,0,NA,85,115,3,2
8831,884,10778,944,8,0,NA,20,NA,90,130,5,2
8832,885,10779,945,9,15,15,0,13,100,322,8,2
8833,886,10780,946,9,0,NA,0,14,82.5,210,6,2
8834,887,10781,947,9,0,NA,0,12,97.5,217,7,2
8835,888,10782,948,9,0,NA,0,12,102.5,25,6,2
8836,889,10783,949,9,0,NA,0,12,110,248,7,2
8837,890,10784,950,9,0,NA,0,14,90,196,5,2
8838,891,10785,951,9,0,NA,0,14,90,197,5,2
8839,892,10786,953,8,0,NA,0,14,95,180,7,2
8840,893,10787,954,8,0,NA,0,14,90,210,7,2
8841,894,10788,955,9,0,15,0,12,100,331,6,2
8842,895,10789,956,8,0,15,0,13,92.5,264,6,2
8843,896,10790,957,8,0,NA,0,13,100,225,5,2
8844,897,10791,958,9,0,NA,0,12,125,334,6,2
8845,898,10792,959,8,0,NA,0,14,92.5,152,3,2
8846,899,10793,351,8,0,12,70,10,100,168,5,13
8847,900,10794,362,9,0,10,70,10,100,229,5,13
8848,901,10795,373,9,0,15,50,6,100,223,5,13
8849,902,10796,384,9,0,12,70,9,105,262,7,13
8852,903,10797,395,9,0,10,20,6,90,218,7,13
8853,904,10798,406,9,0,15,40,9,105,252,8,13
8854,905,10799,414,9,0,10,90,6,95,214,6,13
8855,906,10802,415,9,0,10,90,5,100,191,7,13
8856,907,10803,416,8,0,NA,70,10,85,95,5,13
8857,908,10804,352,9,0,13,30,10,110,208,8,13
8858,909,10805,353,8,0,NA,90,12,95,132,5,13
8859,910,10806,354,9,0,15,0,9,100,170,8,13
8860,911,10807,355,9,0,10,90,9,110,275,5,13
8861,912,10808,356,9,0,14,10,10,100,180,8,13
8862,913,10809,357,8,0,10,0,11,90,182,7,13
8863,914,10810,358,8,0,14.5,0,13,90,130,7,13
8864,915,10811,359,9,0,15,0,13,105,230,8,13
8865,916,10812,360,8,0,15.5,0,13,95,212,8,13
8866,917,10813,361,9,0,10,20,13,90,290,8,13
8867,918,10814,363,9,0,NA,0,12,95,156,8,13
8868,919,10815,364,7,0,10,20,10,95,176,6,13
8869,920,10816,365,9,0,15,5,10,100,252,9,13
8870,921,10817,366,9,0,14.5,10,10,100,168,8,13
8871,922,10818,367,8,0,10,30,10,85,150,5,13
8872,923,10819,368,9,0,13,5,10,100,246,8,13
8873,924,10820,369,9,0,NA,40,11,87.5,182,5,13
8874,925,10821,370,8,0,13,70,9,105,223,7,13
8876,926,10822,371,9,0,14,10,12,100,296,7,13
8877,927,10823,372,9,0,15,5,10,95,252,8,13
8878,928,10824,374,9,0,14,20,9,95,187,8,13
8879,929,10826,375,9,0,15,10,10,90,196,7,13
8880,930,10827,376,9,0,NA,30,9,105,164,7,13
8881,931,10828,377,8,0,15,0,9,85,142,5,13
8882,932,10829,378,8,0,NA,10,10,110,155,5,13
8883,933,10830,379,8,0,10,70,10,95,174,6,13
8884,934,10831,380,9,0,10,0,1,100,237,7,13
8885,935,10832,381,9,0,10,90,9,80,180,3,13
8886,936,10833,382,9,0,10,0,8,100,290,8,13
8887,937,10834,383,9,0,10,100,9,105,200,5,13
8888,938,10835,385,9,0,NA,0,9,105,203,5,13
8889,939,10836,386,9,0,15,30,10,100,239,7,13
8890,940,10837,387,8,0,10,70,8,80,178,5,13
8891,941,10838,388,9,0,10,60,10,90,154,5,13
8892,942,10839,389,9,0,NA,50,9,100,196,3,13
8893,943,10840,390,9,0,14,20,9,100,122,6,13
8894,944,10841,391,9,0,NA,30,9,100,113,3,13
8895,945,10842,392,8,0,NA,0,10,110,234,5,13
8896,946,10843,393,8,0,10,50,10,110,172,6,13
8897,947,10844,394,9,0,10,10,10,100,222,7,13
8898,948,10845,396,9,0,15,0,9,100,237,7,13
8899,949,10846,397,9,0,10,0,6,90,184,4,13
8902,950,10847,398,8,0,15,20,9,105,216,8,13
8903,951,10848,399,8,0,14.5,50,9,95,123,5,13
8904,952,10849,400,9,0,10,30,6,100,268,8,13
8905,953,10852,401,9,0,15,70,9,105,228,7,13
8906,954,10853,402,9,0,15,20,9,100,174,6,13
8907,955,10854,403,9,0,1,0,13,100,225,7,13
8908,956,10855,404,8,0,10,0,10,95,194,8,13
8909,957,10856,405,8,0,10,90,6,95,169,5,13
8910,958,10857,407,8,0,10,30,6,95,156,8,13
8911,959,10858,408,8,0,10,70,9,90,171,5,13
8912,960,10859,409,9,0,10,90,6,NA,240,5,13
